<?xml version="1.0" encoding="UTF-8" standalone="yes"?>
<allDataWrapper>
    <AllParts>
        <part xmlns:xsi="http://www.w3.org/2001/XMLSchema-instance" xsi:type="inHouse">
            <id>317428</id>
            <machineId>1234</machineId>
            <max>20</max>
            <min>1</min>
            <name>Turbocharger</name>
            <price>500.0</price>
            <stock>10</stock>
        </part>
        <part xmlns:xsi="http://www.w3.org/2001/XMLSchema-instance" xsi:type="outsourced">
            <companyName>Drivetrain Solutions</companyName>
            <id>881465</id>
            <machineId>0</machineId>
            <max>15</max>
            <min>1</min>
            <name>Differential</name>
            <price>1200.0</price>
            <stock>7</stock>
        </part>
        <part xmlns:xsi="http://www.w3.org/2001/XMLSchema-instance" xsi:type="inHouse">
            <id>381786</id>
            <machineId>5678</machineId>
            <max>100</max>
            <min>1</min>
            <name>Shock Absorber</name>
            <price>70.0</price>
            <stock>50</stock>
        </part>
        <part xmlns:xsi="http://www.w3.org/2001/XMLSchema-instance" xsi:type="outsourced">
            <companyName>Luminance Tech</companyName>
            <id>410765</id>
            <machineId>0</machineId>
            <max>30</max>
            <min>1</min>
            <name>Headlight Assembly</name>
            <price>200.0</price>
            <stock>15</stock>
        </part>
        <part xmlns:xsi="http://www.w3.org/2001/XMLSchema-instance" xsi:type="inHouse">
            <id>937218</id>
            <machineId>9012</machineId>
            <max>200</max>
            <min>1</min>
            <name>Cabin Filter</name>
            <price>10.0</price>
            <stock>100</stock>
        </part>
        <part xmlns:xsi="http://www.w3.org/2001/XMLSchema-instance" xsi:type="outsourced">
            <companyName>Filtration Experts</companyName>
            <id>302082</id>
            <machineId>0</machineId>
            <max>200</max>
            <min>1</min>
            <name>Fuel Filter</name>
            <price>10.0</price>
            <stock>100</stock>
        </part>
        <part xmlns:xsi="http://www.w3.org/2001/XMLSchema-instance" xsi:type="inHouse">
            <id>171114</id>
            <machineId>3456</machineId>
            <max>20</max>
            <min>1</min>
            <name>Starter Motor</name>
            <price>100.0</price>
            <stock>10</stock>
        </part>
        <part xmlns:xsi="http://www.w3.org/2001/XMLSchema-instance" xsi:type="outsourced">
            <companyName>PowerCell Inc.</companyName>
            <id>935728</id>
            <machineId>0</machineId>
            <max>30</max>
            <min>1</min>
            <name>Car Battery</name>
            <price>120.0</price>
            <stock>15</stock>
        </part>
        <part xmlns:xsi="http://www.w3.org/2001/XMLSchema-instance" xsi:type="inHouse">
            <id>296315</id>
            <machineId>7890</machineId>
            <max>200</max>
            <min>1</min>
            <name>Ignition Coil</name>
            <price>5.0</price>
            <stock>100</stock>
        </part>
        <part xmlns:xsi="http://www.w3.org/2001/XMLSchema-instance" xsi:type="outsourced">
            <companyName>Precision Wheels</companyName>
            <id>620930</id>
            <machineId>0</machineId>
            <max>100</max>
            <min>1</min>
            <name>Alloy Wheel</name>
            <price>80.0</price>
            <stock>50</stock>
        </part>
    </AllParts>
    <AllProducts>
        <product>
            <AssociatedParts>
                <PartsThatBelongToProduct xmlns:xsi="http://www.w3.org/2001/XMLSchema-instance" xsi:type="inHouse">
                    <id>317428</id>
                    <machineId>1234</machineId>
                    <max>20</max>
                    <min>1</min>
                    <name>Turbocharger</name>
                    <price>500.0</price>
                    <stock>10</stock>
                </PartsThatBelongToProduct>
                <PartsThatBelongToProduct xmlns:xsi="http://www.w3.org/2001/XMLSchema-instance" xsi:type="outsourced">
                    <companyName>Drivetrain Solutions</companyName>
                    <id>881465</id>
                    <machineId>0</machineId>
                    <max>15</max>
                    <min>1</min>
                    <name>Differential</name>
                    <price>1200.0</price>
                    <stock>7</stock>
                </PartsThatBelongToProduct>
                <PartsThatBelongToProduct xmlns:xsi="http://www.w3.org/2001/XMLSchema-instance" xsi:type="inHouse">
                    <id>381786</id>
                    <machineId>5678</machineId>
                    <max>100</max>
                    <min>1</min>
                    <name>Shock Absorber</name>
                    <price>70.0</price>
                    <stock>50</stock>
                </PartsThatBelongToProduct>
            </AssociatedParts>
            <id>529732</id>
            <max>10</max>
            <min>1</min>
            <name>Compact Sedan</name>
            <price>20000.0</price>
            <stock>5</stock>
        </product>
        <product>
            <AssociatedParts>
                <PartsThatBelongToProduct xmlns:xsi="http://www.w3.org/2001/XMLSchema-instance" xsi:type="inHouse">
                    <id>317428</id>
                    <machineId>1234</machineId>
                    <max>20</max>
                    <min>1</min>
                    <name>Turbocharger</name>
                    <price>500.0</price>
                    <stock>10</stock>
                </PartsThatBelongToProduct>
                <PartsThatBelongToProduct xmlns:xsi="http://www.w3.org/2001/XMLSchema-instance" xsi:type="outsourced">
                    <companyName>Drivetrain Solutions</companyName>
                    <id>881465</id>
                    <machineId>0</machineId>
                    <max>15</max>
                    <min>1</min>
                    <name>Differential</name>
                    <price>1200.0</price>
                    <stock>7</stock>
                </PartsThatBelongToProduct>
                <PartsThatBelongToProduct xmlns:xsi="http://www.w3.org/2001/XMLSchema-instance" xsi:type="outsourced">
                    <companyName>Luminance Tech</companyName>
                    <id>410765</id>
                    <machineId>0</machineId>
                    <max>30</max>
                    <min>1</min>
                    <name>Headlight Assembly</name>
                    <price>200.0</price>
                    <stock>15</stock>
                </PartsThatBelongToProduct>
            </AssociatedParts>
            <id>736018</id>
            <max>6</max>
            <min>1</min>
            <name>Premium SUV</name>
            <price>25000.0</price>
            <stock>3</stock>
        </product>
        <product>
            <AssociatedParts>
                <PartsThatBelongToProduct xmlns:xsi="http://www.w3.org/2001/XMLSchema-instance" xsi:type="inHouse">
                    <id>317428</id>
                    <machineId>1234</machineId>
                    <max>20</max>
                    <min>1</min>
                    <name>Turbocharger</name>
                    <price>500.0</price>
                    <stock>10</stock>
                </PartsThatBelongToProduct>
                <PartsThatBelongToProduct xmlns:xsi="http://www.w3.org/2001/XMLSchema-instance" xsi:type="outsourced">
                    <companyName>Drivetrain Solutions</companyName>
                    <id>881465</id>
                    <machineId>0</machineId>
                    <max>15</max>
                    <min>1</min>
                    <name>Differential</name>
                    <price>1200.0</price>
                    <stock>7</stock>
                </PartsThatBelongToProduct>
                <PartsThatBelongToProduct xmlns:xsi="http://www.w3.org/2001/XMLSchema-instance" xsi:type="inHouse">
                    <id>937218</id>
                    <machineId>9012</machineId>
                    <max>200</max>
                    <min>1</min>
                    <name>Cabin Filter</name>
                    <price>10.0</price>
                    <stock>100</stock>
                </PartsThatBelongToProduct>
            </AssociatedParts>
            <id>635380</id>
            <max>8</max>
            <min>1</min>
            <name>Heavy-Duty Truck</name>
            <price>30000.0</price>
            <stock>4</stock>
        </product>
        <product>
            <AssociatedParts>
                <PartsThatBelongToProduct xmlns:xsi="http://www.w3.org/2001/XMLSchema-instance" xsi:type="inHouse">
                    <id>317428</id>
                    <machineId>1234</machineId>
                    <max>20</max>
                    <min>1</min>
                    <name>Turbocharger</name>
                    <price>500.0</price>
                    <stock>10</stock>
                </PartsThatBelongToProduct>
                <PartsThatBelongToProduct xmlns:xsi="http://www.w3.org/2001/XMLSchema-instance" xsi:type="outsourced">
                    <companyName>Drivetrain Solutions</companyName>
                    <id>881465</id>
                    <machineId>0</machineId>
                    <max>15</max>
                    <min>1</min>
                    <name>Differential</name>
                    <price>1200.0</price>
                    <stock>7</stock>
                </PartsThatBelongToProduct>
                <PartsThatBelongToProduct xmlns:xsi="http://www.w3.org/2001/XMLSchema-instance" xsi:type="outsourced">
                    <companyName>Filtration Experts</companyName>
                    <id>302082</id>
                    <machineId>0</machineId>
                    <max>200</max>
                    <min>1</min>
                    <name>Fuel Filter</name>
                    <price>10.0</price>
                    <stock>100</stock>
                </PartsThatBelongToProduct>
            </AssociatedParts>
            <id>244670</id>
            <max>4</max>
            <min>1</min>
            <name>Performance Coupe</name>
            <price>60000.0</price>
            <stock>2</stock>
        </product>
        <product>
            <AssociatedParts>
                <PartsThatBelongToProduct xmlns:xsi="http://www.w3.org/2001/XMLSchema-instance" xsi:type="inHouse">
                    <id>317428</id>
                    <machineId>1234</machineId>
                    <max>20</max>
                    <min>1</min>
                    <name>Turbocharger</name>
                    <price>500.0</price>
                    <stock>10</stock>
                </PartsThatBelongToProduct>
                <PartsThatBelongToProduct xmlns:xsi="http://www.w3.org/2001/XMLSchema-instance" xsi:type="outsourced">
                    <companyName>Drivetrain Solutions</companyName>
                    <id>881465</id>
                    <machineId>0</machineId>
                    <max>15</max>
                    <min>1</min>
                    <name>Differential</name>
                    <price>1200.0</price>
                    <stock>7</stock>
                </PartsThatBelongToProduct>
                <PartsThatBelongToProduct xmlns:xsi="http://www.w3.org/2001/XMLSchema-instance" xsi:type="inHouse">
                    <id>171114</id>
                    <machineId>3456</machineId>
                    <max>20</max>
                    <min>1</min>
                    <name>Starter Motor</name>
                    <price>100.0</price>
                    <stock>10</stock>
                </PartsThatBelongToProduct>
            </AssociatedParts>
            <id>475067</id>
            <max>6</max>
            <min>1</min>
            <name>Family Van</name>
            <price>28000.0</price>
            <stock>3</stock>
        </product>
        <product>
            <AssociatedParts>
                <PartsThatBelongToProduct xmlns:xsi="http://www.w3.org/2001/XMLSchema-instance" xsi:type="inHouse">
                    <id>317428</id>
                    <machineId>1234</machineId>
                    <max>20</max>
                    <min>1</min>
                    <name>Turbocharger</name>
                    <price>500.0</price>
                    <stock>10</stock>
                </PartsThatBelongToProduct>
                <PartsThatBelongToProduct xmlns:xsi="http://www.w3.org/2001/XMLSchema-instance" xsi:type="outsourced">
                    <companyName>Drivetrain Solutions</companyName>
                    <id>881465</id>
                    <machineId>0</machineId>
                    <max>15</max>
                    <min>1</min>
                    <name>Differential</name>
                    <price>1200.0</price>
                    <stock>7</stock>
                </PartsThatBelongToProduct>
                <PartsThatBelongToProduct xmlns:xsi="http://www.w3.org/2001/XMLSchema-instance" xsi:type="outsourced">
                    <companyName>PowerCell Inc.</companyName>
                    <id>935728</id>
                    <machineId>0</machineId>
                    <max>30</max>
                    <min>1</min>
                    <name>Car Battery</name>
                    <price>120.0</price>
                    <stock>15</stock>
                </PartsThatBelongToProduct>
            </AssociatedParts>
            <id>110877</id>
            <max>4</max>
            <min>1</min>
            <name>Roadster</name>
            <price>35000.0</price>
            <stock>2</stock>
        </product>
        <product>
            <AssociatedParts>
                <PartsThatBelongToProduct xmlns:xsi="http://www.w3.org/2001/XMLSchema-instance" xsi:type="inHouse">
                    <id>317428</id>
                    <machineId>1234</machineId>
                    <max>20</max>
                    <min>1</min>
                    <name>Turbocharger</name>
                    <price>500.0</price>
                    <stock>10</stock>
                </PartsThatBelongToProduct>
                <PartsThatBelongToProduct xmlns:xsi="http://www.w3.org/2001/XMLSchema-instance" xsi:type="outsourced">
                    <companyName>Drivetrain Solutions</companyName>
                    <id>881465</id>
                    <machineId>0</machineId>
                    <max>15</max>
                    <min>1</min>
                    <name>Differential</name>
                    <price>1200.0</price>
                    <stock>7</stock>
                </PartsThatBelongToProduct>
                <PartsThatBelongToProduct xmlns:xsi="http://www.w3.org/2001/XMLSchema-instance" xsi:type="inHouse">
                    <id>296315</id>
                    <machineId>7890</machineId>
                    <max>200</max>
                    <min>1</min>
                    <name>Ignition Coil</name>
                    <price>5.0</price>
                    <stock>100</stock>
                </PartsThatBelongToProduct>
            </AssociatedParts>
            <id>272028</id>
            <max>6</max>
            <min>1</min>
            <name>Executive Sedan</name>
            <price>40000.0</price>
            <stock>3</stock>
        </product>
        <product>
            <AssociatedParts>
                <PartsThatBelongToProduct xmlns:xsi="http://www.w3.org/2001/XMLSchema-instance" xsi:type="inHouse">
                    <id>317428</id>
                    <machineId>1234</machineId>
                    <max>20</max>
                    <min>1</min>
                    <name>Turbocharger</name>
                    <price>500.0</price>
                    <stock>10</stock>
                </PartsThatBelongToProduct>
                <PartsThatBelongToProduct xmlns:xsi="http://www.w3.org/2001/XMLSchema-instance" xsi:type="outsourced">
                    <companyName>Drivetrain Solutions</companyName>
                    <id>881465</id>
                    <machineId>0</machineId>
                    <max>15</max>
                    <min>1</min>
                    <name>Differential</name>
                    <price>1200.0</price>
                    <stock>7</stock>
                </PartsThatBelongToProduct>
                <PartsThatBelongToProduct xmlns:xsi="http://www.w3.org/2001/XMLSchema-instance" xsi:type="outsourced">
                    <companyName>Precision Wheels</companyName>
                    <id>620930</id>
                    <machineId>0</machineId>
                    <max>100</max>
                    <min>1</min>
                    <name>Alloy Wheel</name>
                    <price>80.0</price>
                    <stock>50</stock>
                </PartsThatBelongToProduct>
            </AssociatedParts>
            <id>773993</id>
            <max>4</max>
            <min>1</min>
            <name>Premium Crossover</name>
            <price>45000.0</price>
            <stock>2</stock>
        </product>
        <product>
            <AssociatedParts>
                <PartsThatBelongToProduct xmlns:xsi="http://www.w3.org/2001/XMLSchema-instance" xsi:type="outsourced">
                    <companyName>Luminance Tech</companyName>
                    <id>410765</id>
                    <machineId>0</machineId>
                    <max>30</max>
                    <min>1</min>
                    <name>Headlight Assembly</name>
                    <price>200.0</price>
                    <stock>15</stock>
                </PartsThatBelongToProduct>
                <PartsThatBelongToProduct xmlns:xsi="http://www.w3.org/2001/XMLSchema-instance" xsi:type="inHouse">
                    <id>937218</id>
                    <machineId>9012</machineId>
                    <max>200</max>
                    <min>1</min>
                    <name>Cabin Filter</name>
                    <price>10.0</price>
                    <stock>100</stock>
                </PartsThatBelongToProduct>
                <PartsThatBelongToProduct xmlns:xsi="http://www.w3.org/2001/XMLSchema-instance" xsi:type="outsourced">
                    <companyName>Filtration Experts</companyName>
                    <id>302082</id>
                    <machineId>0</machineId>
                    <max>200</max>
                    <min>1</min>
                    <name>Fuel Filter</name>
                    <price>10.0</price>
                    <stock>100</stock>
                </PartsThatBelongToProduct>
            </AssociatedParts>
            <id>102670</id>
            <max>6</max>
            <min>1</min>
            <name>EV Hatchback</name>
            <price>35000.0</price>
            <stock>3</stock>
        </product>
        <product>
            <AssociatedParts>
                <PartsThatBelongToProduct xmlns:xsi="http://www.w3.org/2001/XMLSchema-instance" xsi:type="inHouse">
                    <id>171114</id>
                    <machineId>3456</machineId>
                    <max>20</max>
                    <min>1</min>
                    <name>Starter Motor</name>
                    <price>100.0</price>
                    <stock>10</stock>
                </PartsThatBelongToProduct>
                <PartsThatBelongToProduct xmlns:xsi="http://www.w3.org/2001/XMLSchema-instance" xsi:type="outsourced">
                    <companyName>PowerCell Inc.</companyName>
                    <id>935728</id>
                    <machineId>0</machineId>
                    <max>30</max>
                    <min>1</min>
                    <name>Car Battery</name>
                    <price>120.0</price>
                    <stock>15</stock>
                </PartsThatBelongToProduct>
                <PartsThatBelongToProduct xmlns:xsi="http://www.w3.org/2001/XMLSchema-instance" xsi:type="inHouse">
                    <id>296315</id>
                    <machineId>7890</machineId>
                    <max>200</max>
                    <min>1</min>
                    <name>Ignition Coil</name>
                    <price>5.0</price>
                    <stock>100</stock>
                </PartsThatBelongToProduct>
            </AssociatedParts>
            <id>346108</id>
            <max>8</max>
            <min>1</min>
            <name>Hybrid Crossover</name>
            <price>30000.0</price>
            <stock>4</stock>
        </product>
    </AllProducts>
</allDataWrapper>
