<?xml version="1.0" encoding="UTF-8" standalone="yes"?>
<productsWrapper>
    <products>
        <product>
            <AssociatedParts>
                <PartsThatBelongToProduct xmlns:xsi="http://www.w3.org/2001/XMLSchema-instance" xsi:type="inHouse">
                    <id>631994</id>
                    <machineId>1234</machineId>
                    <max>20</max>
                    <min>1</min>
                    <name>Engine</name>
                    <price>500.0</price>
                    <stock>10</stock>
                </PartsThatBelongToProduct>
                <PartsThatBelongToProduct xmlns:xsi="http://www.w3.org/2001/XMLSchema-instance" xsi:type="outsourced">
                    <companyName>AutoParts Co.</companyName>
                    <id>559144</id>
                    <machineId>0</machineId>
                    <max>15</max>
                    <min>1</min>
                    <name>Transmission</name>
                    <price>1200.0</price>
                    <stock>7</stock>
                </PartsThatBelongToProduct>
                <PartsThatBelongToProduct xmlns:xsi="http://www.w3.org/2001/XMLSchema-instance" xsi:type="inHouse">
                    <id>115328</id>
                    <machineId>5678</machineId>
                    <max>100</max>
                    <min>1</min>
                    <name>Brake Pads</name>
                    <price>70.0</price>
                    <stock>50</stock>
                </PartsThatBelongToProduct>
            </AssociatedParts>
            <id>911504</id>
            <max>10</max>
            <min>1</min>
            <name>Sedan</name>
            <price>20000.0</price>
            <stock>5</stock>
        </product>
        <product>
            <AssociatedParts>
                <PartsThatBelongToProduct xmlns:xsi="http://www.w3.org/2001/XMLSchema-instance" xsi:type="inHouse">
                    <id>631994</id>
                    <machineId>1234</machineId>
                    <max>20</max>
                    <min>1</min>
                    <name>Engine</name>
                    <price>500.0</price>
                    <stock>10</stock>
                </PartsThatBelongToProduct>
                <PartsThatBelongToProduct xmlns:xsi="http://www.w3.org/2001/XMLSchema-instance" xsi:type="outsourced">
                    <companyName>AutoParts Co.</companyName>
                    <id>559144</id>
                    <machineId>0</machineId>
                    <max>15</max>
                    <min>1</min>
                    <name>Transmission</name>
                    <price>1200.0</price>
                    <stock>7</stock>
                </PartsThatBelongToProduct>
                <PartsThatBelongToProduct xmlns:xsi="http://www.w3.org/2001/XMLSchema-instance" xsi:type="outsourced">
                    <companyName>GlassWorks Inc.</companyName>
                    <id>309308</id>
                    <machineId>0</machineId>
                    <max>30</max>
                    <min>1</min>
                    <name>Windshield</name>
                    <price>200.0</price>
                    <stock>15</stock>
                </PartsThatBelongToProduct>
            </AssociatedParts>
            <id>937126</id>
            <max>6</max>
            <min>1</min>
            <name>SUV</name>
            <price>25000.0</price>
            <stock>3</stock>
        </product>
        <product>
            <AssociatedParts>
                <PartsThatBelongToProduct xmlns:xsi="http://www.w3.org/2001/XMLSchema-instance" xsi:type="inHouse">
                    <id>631994</id>
                    <machineId>1234</machineId>
                    <max>20</max>
                    <min>1</min>
                    <name>Engine</name>
                    <price>500.0</price>
                    <stock>10</stock>
                </PartsThatBelongToProduct>
                <PartsThatBelongToProduct xmlns:xsi="http://www.w3.org/2001/XMLSchema-instance" xsi:type="outsourced">
                    <companyName>AutoParts Co.</companyName>
                    <id>559144</id>
                    <machineId>0</machineId>
                    <max>15</max>
                    <min>1</min>
                    <name>Transmission</name>
                    <price>1200.0</price>
                    <stock>7</stock>
                </PartsThatBelongToProduct>
                <PartsThatBelongToProduct xmlns:xsi="http://www.w3.org/2001/XMLSchema-instance" xsi:type="inHouse">
                    <id>454200</id>
                    <machineId>9012</machineId>
                    <max>200</max>
                    <min>1</min>
                    <name>Air Filter</name>
                    <price>10.0</price>
                    <stock>100</stock>
                </PartsThatBelongToProduct>
            </AssociatedParts>
            <id>307233</id>
            <max>8</max>
            <min>1</min>
            <name>Pickup Truck</name>
            <price>30000.0</price>
            <stock>4</stock>
        </product>
        <product>
            <AssociatedParts>
                <PartsThatBelongToProduct xmlns:xsi="http://www.w3.org/2001/XMLSchema-instance" xsi:type="inHouse">
                    <id>631994</id>
                    <machineId>1234</machineId>
                    <max>20</max>
                    <min>1</min>
                    <name>Engine</name>
                    <price>500.0</price>
                    <stock>10</stock>
                </PartsThatBelongToProduct>
                <PartsThatBelongToProduct xmlns:xsi="http://www.w3.org/2001/XMLSchema-instance" xsi:type="outsourced">
                    <companyName>AutoParts Co.</companyName>
                    <id>559144</id>
                    <machineId>0</machineId>
                    <max>15</max>
                    <min>1</min>
                    <name>Transmission</name>
                    <price>1200.0</price>
                    <stock>7</stock>
                </PartsThatBelongToProduct>
                <PartsThatBelongToProduct xmlns:xsi="http://www.w3.org/2001/XMLSchema-instance" xsi:type="outsourced">
                    <companyName>Filter Kings</companyName>
                    <id>365169</id>
                    <machineId>0</machineId>
                    <max>200</max>
                    <min>1</min>
                    <name>Oil Filter</name>
                    <price>10.0</price>
                    <stock>100</stock>
                </PartsThatBelongToProduct>
            </AssociatedParts>
            <id>316973</id>
            <max>4</max>
            <min>1</min>
            <name>Sports Car</name>
            <price>60000.0</price>
            <stock>2</stock>
        </product>
        <product>
            <AssociatedParts>
                <PartsThatBelongToProduct xmlns:xsi="http://www.w3.org/2001/XMLSchema-instance" xsi:type="inHouse">
                    <id>631994</id>
                    <machineId>1234</machineId>
                    <max>20</max>
                    <min>1</min>
                    <name>Engine</name>
                    <price>500.0</price>
                    <stock>10</stock>
                </PartsThatBelongToProduct>
                <PartsThatBelongToProduct xmlns:xsi="http://www.w3.org/2001/XMLSchema-instance" xsi:type="outsourced">
                    <companyName>AutoParts Co.</companyName>
                    <id>559144</id>
                    <machineId>0</machineId>
                    <max>15</max>
                    <min>1</min>
                    <name>Transmission</name>
                    <price>1200.0</price>
                    <stock>7</stock>
                </PartsThatBelongToProduct>
                <PartsThatBelongToProduct xmlns:xsi="http://www.w3.org/2001/XMLSchema-instance" xsi:type="inHouse">
                    <id>336511</id>
                    <machineId>3456</machineId>
                    <max>20</max>
                    <min>1</min>
                    <name>Alternator</name>
                    <price>100.0</price>
                    <stock>10</stock>
                </PartsThatBelongToProduct>
            </AssociatedParts>
            <id>452519</id>
            <max>6</max>
            <min>1</min>
            <name>Minivan</name>
            <price>28000.0</price>
            <stock>3</stock>
        </product>
        <product>
            <AssociatedParts>
                <PartsThatBelongToProduct xmlns:xsi="http://www.w3.org/2001/XMLSchema-instance" xsi:type="inHouse">
                    <id>631994</id>
                    <machineId>1234</machineId>
                    <max>20</max>
                    <min>1</min>
                    <name>Engine</name>
                    <price>500.0</price>
                    <stock>10</stock>
                </PartsThatBelongToProduct>
                <PartsThatBelongToProduct xmlns:xsi="http://www.w3.org/2001/XMLSchema-instance" xsi:type="outsourced">
                    <companyName>AutoParts Co.</companyName>
                    <id>559144</id>
                    <machineId>0</machineId>
                    <max>15</max>
                    <min>1</min>
                    <name>Transmission</name>
                    <price>1200.0</price>
                    <stock>7</stock>
                </PartsThatBelongToProduct>
                <PartsThatBelongToProduct xmlns:xsi="http://www.w3.org/2001/XMLSchema-instance" xsi:type="outsourced">
                    <companyName>Energy Plus</companyName>
                    <id>990794</id>
                    <machineId>0</machineId>
                    <max>30</max>
                    <min>1</min>
                    <name>Battery</name>
                    <price>120.0</price>
                    <stock>15</stock>
                </PartsThatBelongToProduct>
            </AssociatedParts>
            <id>889794</id>
            <max>4</max>
            <min>1</min>
            <name>Convertible</name>
            <price>35000.0</price>
            <stock>2</stock>
        </product>
        <product>
            <AssociatedParts>
                <PartsThatBelongToProduct xmlns:xsi="http://www.w3.org/2001/XMLSchema-instance" xsi:type="inHouse">
                    <id>631994</id>
                    <machineId>1234</machineId>
                    <max>20</max>
                    <min>1</min>
                    <name>Engine</name>
                    <price>500.0</price>
                    <stock>10</stock>
                </PartsThatBelongToProduct>
                <PartsThatBelongToProduct xmlns:xsi="http://www.w3.org/2001/XMLSchema-instance" xsi:type="outsourced">
                    <companyName>AutoParts Co.</companyName>
                    <id>559144</id>
                    <machineId>0</machineId>
                    <max>15</max>
                    <min>1</min>
                    <name>Transmission</name>
                    <price>1200.0</price>
                    <stock>7</stock>
                </PartsThatBelongToProduct>
                <PartsThatBelongToProduct xmlns:xsi="http://www.w3.org/2001/XMLSchema-instance" xsi:type="inHouse">
                    <id>150762</id>
                    <machineId>7890</machineId>
                    <max>200</max>
                    <min>1</min>
                    <name>Spark Plug</name>
                    <price>5.0</price>
                    <stock>100</stock>
                </PartsThatBelongToProduct>
            </AssociatedParts>
            <id>691523</id>
            <max>6</max>
            <min>1</min>
            <name>Luxury Sedan</name>
            <price>40000.0</price>
            <stock>3</stock>
        </product>
        <product>
            <AssociatedParts>
                <PartsThatBelongToProduct xmlns:xsi="http://www.w3.org/2001/XMLSchema-instance" xsi:type="inHouse">
                    <id>631994</id>
                    <machineId>1234</machineId>
                    <max>20</max>
                    <min>1</min>
                    <name>Engine</name>
                    <price>500.0</price>
                    <stock>10</stock>
                </PartsThatBelongToProduct>
                <PartsThatBelongToProduct xmlns:xsi="http://www.w3.org/2001/XMLSchema-instance" xsi:type="outsourced">
                    <companyName>AutoParts Co.</companyName>
                    <id>559144</id>
                    <machineId>0</machineId>
                    <max>15</max>
                    <min>1</min>
                    <name>Transmission</name>
                    <price>1200.0</price>
                    <stock>7</stock>
                </PartsThatBelongToProduct>
                <PartsThatBelongToProduct xmlns:xsi="http://www.w3.org/2001/XMLSchema-instance" xsi:type="outsourced">
                    <companyName>Rubber Manufacturers</companyName>
                    <id>571706</id>
                    <machineId>0</machineId>
                    <max>100</max>
                    <min>1</min>
                    <name>Tire</name>
                    <price>80.0</price>
                    <stock>50</stock>
                </PartsThatBelongToProduct>
            </AssociatedParts>
            <id>249768</id>
            <max>4</max>
            <min>1</min>
            <name>Luxury SUV</name>
            <price>45000.0</price>
            <stock>2</stock>
        </product>
        <product>
            <AssociatedParts>
                <PartsThatBelongToProduct xmlns:xsi="http://www.w3.org/2001/XMLSchema-instance" xsi:type="outsourced">
                    <companyName>GlassWorks Inc.</companyName>
                    <id>309308</id>
                    <machineId>0</machineId>
                    <max>30</max>
                    <min>1</min>
                    <name>Windshield</name>
                    <price>200.0</price>
                    <stock>15</stock>
                </PartsThatBelongToProduct>
                <PartsThatBelongToProduct xmlns:xsi="http://www.w3.org/2001/XMLSchema-instance" xsi:type="inHouse">
                    <id>454200</id>
                    <machineId>9012</machineId>
                    <max>200</max>
                    <min>1</min>
                    <name>Air Filter</name>
                    <price>10.0</price>
                    <stock>100</stock>
                </PartsThatBelongToProduct>
                <PartsThatBelongToProduct xmlns:xsi="http://www.w3.org/2001/XMLSchema-instance" xsi:type="outsourced">
                    <companyName>Filter Kings</companyName>
                    <id>365169</id>
                    <machineId>0</machineId>
                    <max>200</max>
                    <min>1</min>
                    <name>Oil Filter</name>
                    <price>10.0</price>
                    <stock>100</stock>
                </PartsThatBelongToProduct>
            </AssociatedParts>
            <id>837620</id>
            <max>6</max>
            <min>1</min>
            <name>Electric Car</name>
            <price>35000.0</price>
            <stock>3</stock>
        </product>
        <product>
            <AssociatedParts>
                <PartsThatBelongToProduct xmlns:xsi="http://www.w3.org/2001/XMLSchema-instance" xsi:type="inHouse">
                    <id>336511</id>
                    <machineId>3456</machineId>
                    <max>20</max>
                    <min>1</min>
                    <name>Alternator</name>
                    <price>100.0</price>
                    <stock>10</stock>
                </PartsThatBelongToProduct>
                <PartsThatBelongToProduct xmlns:xsi="http://www.w3.org/2001/XMLSchema-instance" xsi:type="outsourced">
                    <companyName>Energy Plus</companyName>
                    <id>990794</id>
                    <machineId>0</machineId>
                    <max>30</max>
                    <min>1</min>
                    <name>Battery</name>
                    <price>120.0</price>
                    <stock>15</stock>
                </PartsThatBelongToProduct>
                <PartsThatBelongToProduct xmlns:xsi="http://www.w3.org/2001/XMLSchema-instance" xsi:type="inHouse">
                    <id>150762</id>
                    <machineId>7890</machineId>
                    <max>200</max>
                    <min>1</min>
                    <name>Spark Plug</name>
                    <price>5.0</price>
                    <stock>100</stock>
                </PartsThatBelongToProduct>
            </AssociatedParts>
            <id>723058</id>
            <max>8</max>
            <min>1</min>
            <name>Hybrid</name>
            <price>30000.0</price>
            <stock>4</stock>
        </product>
    </products>
</productsWrapper>
